<?xml version="1.0" encoding="UTF-8"?>
<project-private xmlns="http://www.netbeans.org/ns/project-private/1">
    <editor-bookmarks xmlns="http://www.netbeans.org/ns/editor-bookmarks/2" lastBookmarkId="0"/>
    <open-files xmlns="http://www.netbeans.org/ns/projectui-open-files/2">
        <group>
            <file>file:/M:/ITSC%202214%20NetBeans/Projects/DS_Library_Vote_Search_Sort_Starter/src/Apps/VoteMan.java</file>
            <file>file:/M:/ITSC%202214%20NetBeans/Projects/DS_Library_Vote_Search_Sort_Starter/src/Apps/Vote.java</file>
            <file>file:/M:/ITSC%202214%20NetBeans/Projects/DS_Library_Vote_Search_Sort_Starter/src/Algorithms/Sort.java</file>
            <file>file:/M:/ITSC%202214%20NetBeans/Projects/DS_Library_Vote_Search_Sort_Starter/src/Algorithms/Search.java</file>
            <file>file:/M:/ITSC%202214%20NetBeans/Projects/DS_Library_Vote_Search_Sort_Starter/test/Apps/VoteTest.java</file>
        </group>
    </open-files>
</project-private>
